"","function_type","cure_rate","stderr","lower.ci","upper.ci","AIC","BIC"
"1","exponential",0.133065996163747,0.0277490748172286,0.0784827811248572,0.187649211202637,843.081476457275,850.72164231798
"2","weibull",0.180652903586123,0.0227981686636848,0.135808260985996,0.225497546186249,789.673237222346,801.133486013403
"3","llogis",0.151877283515444,0.0252489681480432,0.102211849009532,0.201542718021356,767.444709450349,778.904958241406
"4","lognormal",0.161850491512441,0.0246308333734931,0.113400945591806,0.210300037433075,759.971939592144,771.432188383201
"5","gompertz",0.180672057187697,0.0226975104995769,0.136025412043454,0.225318702331941,824.466130081838,835.926378872895
"6","gamma",0.179278737347093,0.0229248162274848,0.134184975406787,0.224372499287399,775.47615036968,786.936399160737
"7","gengamma",0.135037659769231,0.0397619635504723,0.056824752811467,0.213250566726995,759.886212361049,775.166544082458
